<?xml version="1.0" encoding="UTF-8"?>
<Export generator="Cache" version="25" zv="Cache for Windows (x86-64) 2016.1 (Build 656U)" ts="2016-11-21 11:24:56">
<Class name="Data.ToDo">
<Super>%Persistent</Super>
<TimeChanged>64241,78039.107624</TimeChanged>
<TimeCreated>64241,78038.959426</TimeCreated>

<Property name="Description">
<Type>%String</Type>
<Parameter name="MAXLEN"/>
</Property>

<Property name="Active">
<Type>%Boolean</Type>
</Property>

<Storage name="Default">
<Type>%Library.CacheStorage</Type>
<DataLocation>^Data.ToDoD</DataLocation>
<DefaultData>ToDoDefaultData</DefaultData>
<IdLocation>^Data.ToDoD</IdLocation>
<IndexLocation>^Data.ToDoI</IndexLocation>
<StreamLocation>^Data.ToDoS</StreamLocation>
<Data name="ToDoDefaultData">
<Structure>listnode</Structure>
<Subscript/>
<Value name="1">
<Value>%%CLASSNAME</Value>
</Value>
<Value name="2">
<Value>Description</Value>
</Value>
<Value name="3">
<Value>Active</Value>
</Value>
</Data>
</Storage>
</Class>
</Export>
